{"success": true, "score": 12.999999999817627, "scoreJson": {"s1": 0.9999999998176271, "s2": 10.0, "s3": 1.0, "s4": 1.0}}